28,19.6,23.8,24.3,22.5,21.7,85,26.2,1014.2,6,4,6174,2653,15760,47600,25397,Palay,Apari,January,2004
29.2,20.5,24.8,25,23.3,22.6,87,27.6,1016.4,6,4,6174,2653,15760,47600,25397,Palay,Apari,February,2004
31.5,21.2,26.4,26.1,24.2,23.5,86,29.1,1021.3,5,4,6174,2653,15760,47600,25397,Palay,Apari,March,2004
32.7,23.6,28.2,28.4,26.1,25.3,84,32.4,1011.7,3,3,6174,2653,15760,47600,25397,Palay,Apari,April,2004
34.4,24.6,29.5,28.8,26.4,25.6,83,32.9,1008.7,5,4,6174,2653,15760,47600,25397,Palay,Apari,May,2004
32.7,23.7,28.2,28.5,26.1,25.3,82,32.3,1003.5,6,4,6174,2653,15760,47600,25397,Palay,Apari,June,2004
33.1,24.1,28.6,28.6,26.2,25.4,83,32.5,1008.7,5,2,6174,2653,15760,47600,25397,Palay,Apari,July,2004
32.8,24.4,28.6,28.6,26.5,25.8,85,33.4,1006.7,6,2,6174,2653,15760,47600,25397,Palay,Apari,August,2004
33.4,23.9,28.6,28.6,26.3,25.5,83,32.7,1011.2,5,2,6174,2653,15760,47600,25397,Palay,Apari,September,2004
31.4,21.9,26.7,27.2,25.2,24.5,85,30.8,1011,6,4,6174,2653,15760,47600,25397,Palay,Apari,October,2004
29.4,21.8,25.6,26,24.1,23.4,85,28.9,1013.8,6,4,6174,2653,15760,47600,25397,Palay,Apari,November,2004
29,20.4,24.7,25.1,23.3,22.5,86,27.5,1012.9,6,3,6174,2653,15760,47600,25397,Palay,Apari,December,2004
28.8,21.2,24.9,24.6,22.6,21.8,84,26.42,1008,6,2,589,14572,115,6471,0,Coconut,Baler,January,2004
28.2,21,24.6,24.4,22.6,21.9,86,26.42,1012,7,2,589,14572,115,6471,0,Coconut,Baler,February,2004
31.5,23,27.2,26.5,24.3,24.7,80,31.66,1012,5,2,589,14572,115,6471,0,Coconut,Baler,March,2004
33.4,23.9,28.6,27.9,25.2,24.4,80,29.82,1011,4,2,589,14572,115,6471,0,Coconut,Baler,April,2004
31.2,24.1,27.6,27.5,24.9,24,81,29.82,1006,6,4,589,14572,115,6471,0,Coconut,Baler,May,2004
32,23.7,27.8,27.6,24.9,24.1,82,29.82,1007,5,4,589,14572,115,6471,0,Coconut,Baler,June,2004
32.2,23.9,28,27.8,25.2,24.4,81,29.82,1006,6,2,589,14572,115,6471,0,Coconut,Baler,July,2004
32.2,24.3,28.3,27.7,24.8,23.8,78.4,29.82,1007,6,5,589,14572,115,6471,0,Coconut,Baler,August,2004
31.3,24.5,27.4,27.5,24.4,24.1,82,25.8,1006,7,4,589,14572,115,6471,0,Coconut,Baler,September,2004
31.1,24.6,26.9,26.9,24.8,24.7,86,27.4,1011,6,2,589,14572,115,6471,0,Coconut,Baler,October,2004
30.4,24.4,25.2,25.5,23.5,23.7,87,25.8,1010,8,2,589,14572,115,6471,0,Coconut,Baler,November,2004
29.7,27.9,25.3,24.4,21.9,21.6,84,24.2,1013,7,4,589,14572,115,6471,0,Coconut,Baler,December,2004
32.4,20.4,26.4,25.4,22.7,21.5,79,25.8,1013.7,3,1,547,52,1007,94006,3,Palay,Cabanatuan,January,2004
32.7,21.8,27.3,26.3,23.3,22.1,78,26.8,1012.7,4,1,547,52,1007,94006,3,Palay,Cabanatuan,February,2004
35.4,22.9,29.2,28.1,24.5,23.2,74,28.5,1011.3,3,1,547,52,1007,94006,3,Palay,Cabanatuan,March,2004
36.8,24.1,30.4,29.4,25.6,24.3,74,30.4,1010.6,3,1,547,52,1007,94006,3,Palay,Cabanatuan,April,2004
35.2,24.6,29.9,29,26.1,25.1,80,32,1009.1,5,1,547,52,1007,94006,3,Palay,Cabanatuan,May,2004
32,24.1,28,27,25.6,25.1,89,32,1007.4,6,1,547,52,1007,94006,3,Palay,Cabanatuan,June,2004
33.7,24.2,28.9,27.6,25.9,25.3,88,32.4,1009.2,6,1,547,52,1007,94006,3,Palay,Cabanatuan,July,2004
31.9,24,28,26.9,25.8,25.4,92,32.7,1006.5,7,1,547,52,1007,94006,3,Palay,Cabanatuan,August,2004
34,23.7,28.8,27.5,25.7,25.1,87,32,1010.4,5,1,547,52,1007,94006,3,Palay,Cabanatuan,September,2004
33.5,22.6,28,27,24.5,23.6,82,29.2,1010.4,4,1,547,52,1007,94006,3,Palay,Cabanatuan,October,2004
32.9,22.8,27.9,26.8,24.1,23.1,80,28.3,1011.1,4,1,547,52,1007,94006,3,Palay,Cabanatuan,November,2004
31.8,20.9,26.4,25.2,22.9,22,83,26.6,1011.9,4,1,547,52,1007,94006,3,Palay,Cabanatuan,December,2004
30.1,19.1,24.6,25.6,23.3,22.4,82,27.1,1011.9,4,2,1195,1364,10890,67436,650,Palay,Dagupan,January,2004
30.6,19.9,25.3,26,23.8,23,83,28.2,1011,5,2,1195,1364,10890,67436,650,Palay,Dagupan,February,2004
31.1,21.7,26.4,27,24.9,84,84,30.1,1009.7,4,3,1195,1364,10890,67436,650,Palay,Dagupan,March,2004
33.7,24.7,29.2,28.9,26.1,25.2,80,32,1009,4,3,1195,1364,10890,67436,650,Palay,Dagupan,April,2004
33.3,24,28.7,28.7,26,25.2,82,32.1,1007.8,6,2,1195,1364,10890,67436,650,Palay,Dagupan,May,2004
31.5,22.5,27,27.3,25.7,25.2,88,32.1,1006.1,7,3,1195,1364,10890,67436,650,Palay,Dagupan,June,2004
32.5,21.5,27,27.5,25.7,25.1,87,32,1007.7,6,2,1195,1364,10890,67436,650,Palay,Dagupan,July,2004
30.5,23,26.7,26.9,25.5,25,89,31.8,1005,7,2,1195,1364,10890,67436,650,Palay,Dagupan,August,2004
31.1,22.6,26.8,27.5,25.7,25.1,87,32,1008.8,6,2,1195,1364,10890,67436,650,Palay,Dagupan,September,2004
32.8,22,27.4,27.4,25.1,24.3,83,30.5,1009.3,5,2,1195,1364,10890,67436,650,Palay,Dagupan,October,2004
33,21.8,27.4,27.1,24.9,24.1,83,30.1,1009.6,5,2,1195,1364,10890,67436,650,Palay,Dagupan,November,2004
31,20.9,25.9,25.7,23.5,22.7,84,27.7,1010.5,4,2,1195,1364,10890,67436,650,Palay,Dagupan,December,2004
30.5,21.5,26,25.1,22.3,21.1,78,25.2,1015.2,3,2,126,165,2525,12972,80,Palay,Vigan,January,2004
31.6,22.2,26.9,26.2,22.7,21.2,74,25.3,1013.2,3,2,126,165,2525,12972,80,Palay,Vigan,February,2004
32.4,23.1,27.7,27,23.6,22.3,76,27.1,1011.5,2,3,126,165,2525,12972,80,Palay,Vigan,March,2004
33.4,24,28.7,28.3,25,23.9,77,29.7,1012,1,2,126,165,2525,12972,80,Palay,Vigan,April,2004
33.2,24.8,29,28.6,25.8,24.8,80,31.4,1010,4,2,126,165,2525,12972,80,Palay,Vigan,May,2004
31.2,23.9,27.5,27.3,25.4,24.8,86,31.4,1007.8,6,3,126,165,2525,12972,80,Palay,Vigan,June,2004
31.3,24,27.6,27.2,25.4,24.8,87,31.4,1009,6,2,126,165,2525,12972,80,Palay,Vigan,July,2004
30.3,23.8,27.1,26.9,25.5,25,90,31.8,1006.7,5,2,126,165,2525,12972,80,Palay,Vigan,August,2004
31.6,23.3,27.4,27.3,25.2,24.5,85,30.8,1010.4,1,1,126,165,2525,12972,80,Palay,Vigan,September,2004
31,21.6,26.3,26,23.1,22,78,26.5,1010.9,3,2,126,165,2525,12972,80,Palay,Vigan,October,2004
31.2,21.6,26.4,26.4,23.2,22,77,26.5,1011,4,2,126,165,2525,12972,80,Palay,Vigan,November,2004
29.9,19.8,24.9,24.7,21.9,20.7,79,24.6,1011.9,3,2,126,165,2525,12972,80,Palay,Vigan,December,2004
27.9,19,23.4,24.2,22.5,21.7,86,26.2,1012.2,6,2,6548,2762,12679,40984,16427,Palay,Apari,January,2005
30.2,20.4,25.3,26,24,23.3,85,28.7,1015.3,4,2,6548,2762,12679,40984,16427,Palay,Apari,February,2005
29.4,20.9,25.2,25.2,23.5,22.8,87,28,1016.3,5,3,6548,2762,12679,40984,16427,Palay,Apari,March,2005
32,22.8,27.4,27.5,25.3,24.6,84,31,1014,3,3,6548,2762,12679,40984,16427,Palay,Apari,April,2005
34,24.4,29.2,29.2,26.6,25.8,82,33.2,1010.7,4,2,6548,2762,12679,40984,16427,Palay,Apari,May,2005
33.4,24.1,28.7,28.8,26.5,25.8,84,33.3,1009.5,6,2,6548,2762,12679,40984,16427,Palay,Apari,June,2005
34.5,25.1,29.8,29.6,26.9,26.1,81,33.8,1008.6,4,3,6548,2762,12679,40984,16427,Palay,Apari,July,2005
33.1,24.4,28.8,28.7,26.6,25.9,84,33.4,1007.8,6,2,6548,2762,12679,40984,16427,Palay,Apari,August,2005
32.6,24,28.3,28.2,26.1,25.3,84,32.4,1008.1,5,3,6548,2762,12679,40984,16427,Palay,Apari,September,2005
31.6,23.4,27.5,27.8,25.8,25.1,85,32,1010.9,6,3,6548,2762,12679,40984,16427,Palay,Apari,October,2005
30.4,22.6,26.5,26.9,25.1,24.4,86,30.8,1012.3,6,4,6548,2762,12679,40984,16427,Palay,Apari,November,2005
26.3,19.8,23,23.7,22.3,21.6,88,26,1015.3,8,4,6548,2762,12679,40984,16427,Palay,Apari,December,2005
27,22,24.5,24,22.5,22.3,89,26.9,1010.9,9,1,558,13948,1124,6782,0,Coconut,Baler,January,2005
26.9,22.3,25,23.3,21.5,21.3,87,21.8,1015.5,7,2,558,13948,1124,6782,0,Coconut,Baler,February,2005
28,22.5,25.4,24.4,23,23,88,29.9,1015.3,9,2,558,13948,1124,6782,0,Coconut,Baler,March,2005
31.3,23.9,27,26.1,24.5,24.5,90,30.8,1014.1,8,2,558,13948,1124,6782,0,Coconut,Baler,April,2005
30,24,28,26.4,24.4,24.5,88,30.8,1009.5,9,3,558,13948,1124,6782,0,Coconut,Baler,May,2005
31,24.3,28.1,26.9,24.9,24.9,88,33.87,1010,8,1,558,13948,1124,6782,0,Coconut,Baler,June,2005
30,29.75,27.9,27,24.5,24.4,85,30.8,1009,6,2,558,13948,1124,6782,0,Coconut,Baler,July,2005
31.3,24.5,27.9,27.5,25.2,24.4,83,29.82,1007.2,6,2,558,13948,1124,6782,0,Coconut,Baler,August,2005
30.8,23.5,27.2,26.7,24.7,24,85,29.82,1009,7,3,558,13948,1124,6782,0,Coconut,Baler,September,2005
30.7,23.7,27.2,26.5,24.6,24,86,29.82,1011.4,6,1,558,13948,1124,6782,0,Coconut,Baler,October,2005
29.5,23,26.2,25.7,24.2,23.7,88,29.82,1012.1,6,2,558,13948,1124,6782,0,Coconut,Baler,November,2005
26.2,21.5,23.8,23.6,22.4,21.9,90,26.42,1014.4,7,2,558,13948,1124,6782,0,Coconut,Baler,December,2005
31.4,19.4,25.4,24.1,22,21.2,84,25.3,1013.5,3,1,561,53,1436,94719,208,Palay,Cabanatuan,January,2005
33.2,20.5,26.9,25.6,22.9,21.9,80,26.4,1014.2,3,1,561,53,1436,94719,208,Palay,Cabanatuan,February,2005
33.8,22,27.9,26.9,23.9,22.8,78,27.9,1013.7,3,1,561,53,1436,94719,208,Palay,Cabanatuan,March,2005
36.8,23.5,30.1,29.1,25.3,23.9,73,29.8,1012.1,3,1,561,53,1436,94719,208,Palay,Cabanatuan,April,2005
37.1,25.1,31.1,30,26.6,25.6,77,32.8,1009.3,4,1,561,53,1436,94719,208,Palay,Cabanatuan,May,2005
33.9,24.7,29.3,28.2,26.4,25.9,87,33.5,1008.7,6,1,561,53,1436,94719,208,Palay,Cabanatuan,June,2005
33.4,24.6,29,28,26.4,25.8,88,33.5,1008.7,6,1,561,53,1436,94719,208,Palay,Cabanatuan,July,2005
32.2,24.4,28.3,27.2,26.1,25.7,92,33.2,1007.9,7,1,561,53,1436,94719,208,Palay,Cabanatuan,August,2005
31.7,23.9,27.8,26.7,25.7,25.3,92,32.5,1008.5,6,1,561,53,1436,94719,208,Palay,Cabanatuan,September,2005
32.7,23.9,28.3,27.2,25.6,25.1,88,32,1010.2,5,1,561,53,1436,94719,208,Palay,Cabanatuan,October,2005
32.7,23.1,27.9,26.7,24.9,24.2,86,30.4,1010.6,5,1,561,53,1436,94719,208,Palay,Cabanatuan,November,2005
31,22.7,26.8,25.8,23.5,22.5,82,27.5,1012,5,2,561,53,1436,94719,208,Palay,Cabanatuan,December,2005
32.1,21,26.5,24.7,22.6,21.7,83,26.1,1012.3,4,2,1246,1551,15746,69656,598,Palay,Dagupan,January,2005
30.5,20.7,25.6,25.9,23.3,22.2,80,26.9,1013,4,2,1246,1551,15746,69656,598,Palay,Dagupan,February,2005
32.9,22.3,27.6,27,24,22.9,78,28,1012.3,4,3,1246,1551,15746,69656,598,Palay,Dagupan,March,2005
33.6,23.5,28.5,28.3,25.7,24.8,81,31.3,1010.3,5,3,1246,1551,15746,69656,598,Palay,Dagupan,April,2005
35,25.3,30.1,84.6,86.4,25.5,78,33.61,1007.8,5,2,1246,1551,15746,69656,598,Palay,Dagupan,May,2005
32.8,24.2,28.5,27.9,25.8,25.1,85,32.1,1007,6,2,1246,1551,15746,69656,598,Palay,Dagupan,June,2005
32.4,24,28.2,28.3,26,25.2,83,32.1,1007.2,6,2,1246,1551,15746,69656,598,Palay,Dagupan,July,2005
30.6,24.5,27.6,27.4,25.6,25,87,31.9,1006.3,7,3,1246,1551,15746,69656,598,Palay,Dagupan,August,2005
31.1,23.9,27.5,27.4,25.6,25,87,31.8,1007.1,7,3,1246,1551,15746,69656,598,Palay,Dagupan,September,2005
31.9,24.1,28,27.6,25.5,24.8,85,31.4,1008.8,5,3,1246,1551,15746,69656,598,Palay,Dagupan,October,2005
31.8,23.6,27.7,27.5,25.2,24.4,83,30.7,1009,5,2,1246,1551,15746,69656,598,Palay,Dagupan,November,2005
30.9,22,26.5,26.2,23.8,22.9,82,28.1,1010.1,5,2,1246,1551,15746,69656,598,Palay,Dagupan,December,2005
28.8,18.5,23.6,23.8,21,19.7,78,23.1,1013.7,2,2,126,241,3503,14371,109,Palay,Vigan,January,2005
29.6,20,24.8,24.8,22.2,21.1,80,25.2,1014,2,2,126,241,3503,14371,109,Palay,Vigan,February,2005
30.4,20.5,25.5,25.8,22.3,20.9,74,24.8,1013.8,2,2,126,241,3503,14371,109,Palay,Vigan,March,2005
32.1,22.2,27.1,27.6,24.2,23,76,28.2,1012.3,2,2,126,241,3503,14371,109,Palay,Vigan,April,2005
33.1,24.3,28.7,29.1,25.6,24.4,75,30.6,1009.3,4,2,126,241,3503,14371,109,Palay,Vigan,May,2005
31.7,23.8,27.7,27.5,25.3,24.5,84,30.9,1008.1,6,2,126,241,3503,14371,109,Palay,Vigan,June,2005
32,23.9,27.9,27.9,25.6,24.8,83,31.4,1009,4,2,126,241,3503,14371,109,Palay,Vigan,July,2005
30.7,22.9,26.8,27,25.1,24.5,86,30.8,1007,6,2,126,241,3503,14371,109,Palay,Vigan,August,2005
31.2,23.3,27.2,27.2,24.9,24.1,83,30.2,1007.6,5,2,126,241,3503,14371,109,Palay,Vigan,September,2005
32,22.9,27.4,27.4,24.6,23.7,80,29.3,1010,4,2,126,241,3503,14371,109,Palay,Vigan,October,2005
31.7,22.3,27,27.2,24.1,22.9,77,28.2,1010.7,4,2,126,241,3503,14371,109,Palay,Vigan,November,2005
31.2,22,26.6,26,22,20.3,71,24.1,1011.8,5,3,126,241,3503,14371,109,Palay,Vigan,December,2005
29,21.1,25,25.5,23.8,23.2,87,28.6,1013.1,5,3,6969,2867,17012,57410,15088,Palay,Apari,January,2006
29.5,21,25.2,25.7,23.8,23.1,85,28.4,1014.4,5,3,6969,2867,17012,57410,15088,Palay,Apari,February,2006
30.7,22.4,26.6,26.8,24.8,24,85,30.1,1011.4,5,3,6969,2867,17012,57410,15088,Palay,Apari,March,2006
33.9,24.1,29,28.8,26.2,25.4,82,32.6,1011.1,3,2,6969,2867,17012,57410,15088,Palay,Apari,April,2006
34.8,24.7,29.7,28.9,26.4,25.6,82,33,1011,4,2,6969,2867,17012,57410,15088,Palay,Apari,May,2006
35.3,25.1,30.2,29.7,26.8,25.9,79,33.4,1009.7,4,2,6969,2867,17012,57410,15088,Palay,Apari,June,2006
33.4,24.9,29.1,28.9,26.3,25.5,82,32.8,1006.4,6,3,6969,2867,17012,57410,15088,Palay,Apari,July,2006
33.5,24.6,29.1,28.9,26.3,25.4,82,32.7,1007.1,5,2,6969,2867,17012,57410,15088,Palay,Apari,August,2006
33.6,24.4,29,28.7,26.4,25.7,84,33.1,1009.8,5,2,6969,2867,17012,57410,15088,Palay,Apari,September,2006
31.4,23.7,27.6,27.7,25.7,25.1,85,31.9,1012,6,2,6969,2867,17012,57410,15088,Palay,Apari,October,2006
31.6,23.7,27.7,27.5,25.6,24.9,86,31.6,1012.9,5,2,6969,2867,17012,57410,15088,Palay,Apari,November,2006
28.2,22.2,25.2,25.3,23.9,23.4,89,28.9,1015.4,7,4,6969,2867,17012,57410,15088,Palay,Apari,December,2006
27.2,22.1,24.6,24.2,23,22.6,90,28.07,1014,6,1,617,14801,1181,6730,0,Coconut,Baler,January,2006
27.5,22,24.8,24.4,23,22.5,89,28.07,1015.8,5,1,617,14801,1181,6730,0,Coconut,Baler,February,2006
28.8,22.4,25.6,25.2,23.8,23.3,89,28.07,1013,5,1,617,14801,1181,6730,0,Coconut,Baler,March,2006
31,23.8,27.4,26.6,24.6,23.9,89,28.07,1012.6,4,1,617,14801,1181,6730,0,Coconut,Baler,April,2006
30.8,24.2,27.5,27.1,25.2,24.6,84.2,29.82,1011.3,5,2,617,14801,1181,6730,0,Coconut,Baler,May,2006
31.3,24.6,28,27.4,25.4,24.8,85,31.66,1010,6,1,617,14801,1181,6730,0,Coconut,Baler,June,2006
30.3,24.1,27.2,26.8,24.8,24.1,85,29.82,1007.1,7,2,617,14801,1181,6730,0,Coconut,Baler,July,2006
30.7,24.5,27.6,27,25,24.3,85,28.05,1007.2,7,4,617,14801,1181,6730,0,Coconut,Baler,August,2006
31.3,24.5,27.9,27.2,25,24.3,84,29.82,1009.2,6,3,617,14801,1181,6730,0,Coconut,Baler,September,2006
30.4,23.7,27.1,26.5,24.2,23.4,83,28.07,1011.1,6,2,617,14801,1181,6730,0,Coconut,Baler,October,2006
29.5,23.6,26.6,26,24.4,23.8,88,29.82,1012.8,5,2,617,14801,1181,6730,0,Coconut,Baler,November,2006
27.8,22.7,25.2,25,23.4,22.8,87,28.9,1014.2,6,2,617,14801,1181,6730,0,Coconut,Baler,December,2006
31.7,21.5,26.6,25.5,23.5,22.7,85,27.8,1012.1,4,1,581,58,1410,102598,221,Palay,Cabanatuan,January,2006
32.5,21.8,27.1,26.5,24.6,23.9,86,29.9,1013.8,4,1,581,58,1410,102598,221,Palay,Cabanatuan,February,2006
34.3,22.5,28.4,27.6,25.3,24.5,83,30.9,1011.4,3,1,581,58,1410,102598,221,Palay,Cabanatuan,March,2006
36.6,23,29.8,28.9,25.8,24.7,78,31.2,1010.7,3,1,581,58,1410,102598,221,Palay,Cabanatuan,April,2006
35.1,24.2,29.7,28.9,26.4,25.6,82,32.9,1010,4,1,581,58,1410,102598,221,Palay,Cabanatuan,May,2006
35,24.2,29.6,28.2,26.2,25.9,87,33.6,1009.3,5,1,581,58,1410,102598,221,Palay,Cabanatuan,June,2006
31.4,24.2,27.8,27,26,25.6,92,33.1,1007.8,7,1,581,58,1410,102598,221,Palay,Cabanatuan,July,2006
31.9,24.3,28.1,27,26.1,25.8,93,33.3,1007.5,7,1,581,58,1410,102598,221,Palay,Cabanatuan,August,2006
33.1,24.3,28.7,27.5,26.4,26,91,33.8,1009,6,1,581,58,1410,102598,221,Palay,Cabanatuan,September,2006
32.8,23.5,28.2,27.2,25.7,25.2,89,32.2,1010.1,5,1,581,58,1410,102598,221,Palay,Cabanatuan,October,2006
33,22.5,27.7,26.6,25,24.5,88,30.9,1011.2,4,1,581,58,1410,102598,221,Palay,Cabanatuan,November,2006
32,22.4,27.2,26.2,24.4,23.7,86,29.4,1011.9,4,1,581,58,1410,102598,221,Palay,Cabanatuan,December,2006
31.3,20.3,25.8,26.1,23.8,23,83,28.2,1010.5,5,2,1430,1797,16602,81350,563,Palay,Dagupan,January,2006
32,21.2,26.6,26.7,23.7,22.6,78,27.5,1011.9,4,2,1430,1797,16602,81350,563,Palay,Dagupan,February,2006
32.5,22.1,27.3,27.5,24.7,23.7,79,29.4,1009.9,4,3,1430,1797,16602,81350,563,Palay,Dagupan,March,2006
34.8,23.8,29.3,29,25.7,24.6,77,31,1009,4,3,1430,1797,16602,81350,563,Palay,Dagupan,April,2006
33.8,24.1,29,29.1,26.1,25.1,79,31.9,1008.3,6,3,1430,1797,16602,81350,563,Palay,Dagupan,May,2006
33.6,24.3,28.9,28.8,26.2,25.3,81,32.4,1007.7,6,2,1430,1797,16602,81350,563,Palay,Dagupan,June,2006
31.1,23.4,27.3,26.9,25.4,24.9,89,31.6,1006.3,7,2,1430,1797,16602,81350,563,Palay,Dagupan,July,2006
30.6,23.4,27,26.9,25.3,24.8,88,31.4,1006.2,7,3,1430,1797,16602,81350,563,Palay,Dagupan,August,2006
31.9,23.9,27.9,27.9,25.9,25.2,85,32.2,1007.9,6,3,1430,1797,16602,81350,563,Palay,Dagupan,September,2006
31.6,23.4,27.5,27.8,25.4,24.5,82,30.9,1009.7,6,3,1430,1797,16602,81350,563,Palay,Dagupan,October,2006
32.3,23,27.7,27.4,25,24.2,82,30.2,1010.4,4,2,1430,1797,16602,81350,563,Palay,Dagupan,November,2006
31.2,22.2,26.7,26.8,24.4,23.5,82,29,1011.3,5,2,1430,1797,16602,81350,563,Palay,Dagupan,December,2006
30.1,21.2,25.6,25.4,22.4,21.1,77,25.2,1009.3,3,2,123,344,3829,16339,145,Palay,Vigan,January,2006
31.1,21.5,26.3,26.1,22.2,20.7,72,24.4,1010.6,2,2,123,344,3829,16339,145,Palay,Vigan,February,2006
31.6,22.4,27,27,23.5,22.2,75,26.9,1008.6,2,2,123,344,3829,16339,145,Palay,Vigan,March,2006
32.9,23.9,28.4,28.6,24.6,23.2,72,28.4,1007.9,2,2,123,344,3829,16339,145,Palay,Vigan,April,2006
33.3,24.7,29,29.1,25.2,23.9,73,29.6,1006.7,4,2,123,344,3829,16339,145,Palay,Vigan,May,2006
32.7,23.8,28.3,28.5,25.6,24.5,79,30.9,1006.2,5,2,123,344,3829,16339,145,Palay,Vigan,June,2006
30.8,23.1,26.9,27.1,25,24.2,84,30.4,1003.9,6,2,123,344,3829,16339,145,Palay,Vigan,July,2006
30.6,22.9,26.8,27,25,24.4,85,30.6,1003.8,6,2,123,344,3829,16339,145,Palay,Vigan,August,2006
31,23.2,27.1,27.1,25,24.3,85,30.5,1005.8,6,2,123,344,3829,16339,145,Palay,Vigan,September,2006
31.1,21.8,26.5,26.7,23.8,22.7,78,27.7,1007,4,2,123,344,3829,16339,145,Palay,Vigan,October,2006
31.7,22.9,27.3,27,24.3,23.3,80,28.7,1008.2,3,2,123,344,3829,16339,145,Palay,Vigan,November,2006
30.8,22.1,26.5,25.9,22.2,20.6,73,24.5,1009,4,2,123,344,3829,16339,145,Palay,Vigan,December,2006
28.1,21.5,24.9,25.1,23.3,22.6,86,27.6,1017.2,6,1,7075,3011,21601,58546,19373,Palay,Apari,January,2007
29.8,20.9,25.3,25.7,23.9,23.2,86,28.6,1014.7,4,2,7075,3011,21601,58546,19373,Palay,Apari,February,2007
31.4,22.7,27.1,27,24.9,24.2,85,30.3,1013.9,4,2,7075,3011,21601,58546,19373,Palay,Apari,March,2007
33.5,24,28.8,28.6,25.9,25,81,31.8,1013,4,3,7075,3011,21601,58546,19373,Palay,Apari,April,2007
34.2,24.8,29.5,29.1,26.5,25.7,82,33.1,1010.4,5,2,7075,3011,21601,58546,19373,Palay,Apari,May,2007
35,24.9,29.9,29.6,26.8,25.9,80,33.4,1008.3,5,2,7075,3011,21601,58546,19373,Palay,Apari,June,2007
33.4,25.7,30.6,30.1,27.1,26.2,80,34.1,1008.3,4,2,7075,3011,21601,58546,19373,Palay,Apari,July,2007
34,24.8,29.4,28.6,26.4,25.6,84,32.9,1006.6,6,2,7075,3011,21601,58546,19373,Palay,Apari,August,2007
33.5,24.4,28.9,28.5,26.3,25.6,84,32.9,1006.1,6,2,7075,3011,21601,58546,19373,Palay,Apari,September,2007
32.3,24,28.2,27.7,25.8,25.1,86,32.1,1010.6,6,3,7075,3011,21601,58546,19373,Palay,Apari,October,2007
30.5,22.7,26.6,26.6,24.9,24.3,87,30.6,1010,7,5,7075,3011,21601,58546,19373,Palay,Apari,November,2007
29,21.6,25.3,25.8,24.1,23.5,87,29.2,1013.4,6,3,7075,3011,21601,58546,19373,Palay,Apari,December,2007
27.6,21.8,24.7,24.1,22.4,21.7,86,26.42,1016,6,2,595,14682,1456,7360,0,Coconut,Baler,January,2007
28.8,21.9,25.4,24.7,22.6,21.8,84,26.42,1015.4,6,2,595,14682,1456,7360,0,Coconut,Baler,February,2007
29.1,22.6,25.8,25.2,23.4,22.7,86,28.07,1014.1,5,2,595,14682,1456,7360,0,Coconut,Baler,March,2007
30.7,24,27.4,26.6,24.8,24.2,86,29.8,1013.2,2,2,595,14682,1456,7360,0,Coconut,Baler,April,2007
31.3,24.2,27.8,27.2,25.4,24.8,86,31.66,1010.8,6,2,595,14682,1456,7360,0,Coconut,Baler,May,2007
30.8,24.6,27.7,27.4,25.8,25.3,88,31.66,1009.6,6,2,595,14682,1456,7360,0,Coconut,Baler,June,2007
29.9,23.5,26.7,26,24.2,24,85,31.66,1011.6,5,2,595,14682,1456,7360,0,Coconut,Baler,July,2007
31.4,24.5,28,27.2,24.8,24,82,243.5,1007.8,7,3,595,14682,1456,7360,0,Coconut,Baler,August,2007
31.6,24.7,28.2,27.1,25.2,24.6,86,31.66,1006.8,6,3,595,14682,1456,7360,0,Coconut,Baler,September,2007
30,24,27,26.4,24.5,23.8,86,29.82,1010.1,6,3,595,14682,1456,7360,0,Coconut,Baler,October,2007
30,23,26.7,26.1,24.2,23.5,86,31.66,1011,6,2,595,14682,1456,7360,0,Coconut,Baler,November,2007
28,22.7,25.4,24.8,23.3,22.8,89,28.07,1012.3,6,2,595,14682,1456,7360,0,Coconut,Baler,December,2007
32.2,21.6,26.9,25.9,23.8,23,84,28.3,1014.1,4,1,614,61,1553,113013,232,Palay,Cabanatuan,January,2007
33.1,21.4,27.3,26.1,23.8,23,83,28.2,1013.2,3,2,614,61,1553,113013,232,Palay,Cabanatuan,February,2007
34.5,22.4,28.4,27.4,24.9,24,82,29.9,1012.3,3,1,614,61,1553,113013,232,Palay,Cabanatuan,March,2007
36.2,23.9,30.1,29,26.2,25.2,80,32.2,1011.5,3,1,614,61,1553,113013,232,Palay,Cabanatuan,April,2007
36.4,24.5,30.4,28.8,26.5,25.7,83,33.1,1009.8,5,1,614,61,1553,113013,232,Palay,Cabanatuan,May,2007
35.1,24.9,30,28.6,26.8,26.3,87,34.3,1008.5,5,1,614,61,1553,113013,232,Palay,Cabanatuan,June,2007
33.9,24.6,29.2,28.2,26.7,26.2,89,34.3,1008.6,5,1,614,61,1553,113013,232,Palay,Cabanatuan,July,2007
31.7,24.3,28,26.9,26,25.7,94,33.3,1007.8,7,1,614,61,1553,113013,232,Palay,Cabanatuan,August,2007
31.9,24.3,28.1,27.2,26.3,26,93,33.8,1006.9,6,1,614,61,1553,113013,232,Palay,Cabanatuan,September,2007
32.4,23.4,27.9,27,25.8,25.4,91,32.6,1009.3,5,1,614,61,1553,113013,232,Palay,Cabanatuan,October,2007
30.5,22.7,26.6,25.9,24.7,24.3,91,30.5,1008.7,6,1,614,61,1553,113013,232,Palay,Cabanatuan,November,2007
32.5,22,27.1,26.3,25.5,22,85,27.4,1008.7,3,1,614,61,1553,113013,232,Palay,Cabanatuan,December,2007
31.1,20.7,25.9,26.3,23.6,22.6,80,27.5,1013.3,5,2,1605,1983,16593,84260,532,Palay,Dagupan,January,2007
31.6,20.9,26.2,26.3,23.6,22.5,79,27.4,1012.8,4,3,1605,1983,16593,84260,532,Palay,Dagupan,February,2007
32.7,22.2,27.4,27.5,24.4,23.2,77,28.5,1011.5,4,3,1605,1983,16593,84260,532,Palay,Dagupan,March,2007
34.7,23.7,29.2,29.2,25.8,24.6,76,31,1010.8,4,3,1605,1983,16593,84260,532,Palay,Dagupan,April,2007
33.2,24.2,28.7,28.8,25.9,25,80,31.7,1009.3,5,3,1605,1983,16593,84260,532,Palay,Dagupan,May,2007
33.9,24.1,29,28.7,26,25.1,81,32,1007.9,6,2,1605,1983,16593,84260,532,Palay,Dagupan,June,2007
33.4,24.1,28.7,28.6,25.9,25,81,31.8,1008.1,6,2,1605,1983,16593,84260,532,Palay,Dagupan,July,2007
31.1,23.4,27.2,27.1,25.2,24.6,86,31,1007.2,7,2,1605,1983,16593,84260,532,Palay,Dagupan,August,2007
31.4,23.6,27.5,27.8,25.6,24.8,84,31.5,1006.1,6,3,1605,1983,16593,84260,532,Palay,Dagupan,September,2007
31.6,23.6,27.6,27.6,25.4,24.6,84,31,1008.9,6,2,1605,1983,16593,84260,532,Palay,Dagupan,October,2007
30.7,22.8,26.8,26.7,24.6,23.8,84,29.7,1008,6,3,1605,1983,16593,84260,532,Palay,Dagupan,November,2007
30.7,20.2,25.5,26.4,23.8,22.8,81,27.9,1010.8,4,2,1605,1983,16593,84260,532,Palay,Dagupan,December,2007
31,21.2,26.1,25.5,21.9,20.3,73,24.1,1013.9,3,2,124,400,4855,16458,181,Palay,Vigan,January,2007
30.6,20.6,25.6,25.2,21.6,20,73,23.6,1013.5,2,2,124,400,4855,16458,181,Palay,Vigan,February,2007
31.7,22.5,27.1,26.9,23.4,22,74,26.5,1012,3,2,124,400,4855,16458,181,Palay,Vigan,March,2007
32.6,24.1,28.3,28.5,24.7,23.23,73,28.7,1011.2,2,2,124,400,4855,16458,181,Palay,Vigan,April,2007
32.5,24.6,28.5,28.5,25.3,24.2,77,30.2,1009.7,4,2,124,400,4855,16458,181,Palay,Vigan,May,2007
32.7,24.6,28.7,28.5,25.6,24.7,80,31.2,1008.3,5,2,124,400,4855,16458,181,Palay,Vigan,June,2007
32.5,24.2,28.3,28.4,25.7,24.8,81,31.3,1008.9,5,2,124,400,4855,16458,181,Palay,Vigan,July,2007
30.4,23.2,26.8,26.6,24.9,24.2,87,30.4,1006.9,6,2,124,400,4855,16458,181,Palay,Vigan,August,2007
31.5,23.6,27.5,27,24.9,24.2,84,30.3,1006.3,6,1,124,400,4855,16458,181,Palay,Vigan,September,2007
31.7,22.5,27.43,27.2,24.3,23.3,79,28.7,1009.3,4,2,124,400,4855,16458,181,Palay,Vigan,October,2007
31.7,21.9,27.43,25.7,22.7,21.5,78,25.8,1008.4,4,2,124,400,4855,16458,181,Palay,Vigan,November,2007
31.7,21.6,27.43,25.6,22.6,21.3,77,25.5,1010.7,2,2,124,400,4855,16458,181,Palay,Vigan,December,2007
27.5,20.8,24.2,25,23.6,23,89,28.3,1014.5,6,3,6309,2858,24832,58931,16878,Palay,Apari,January,2008
26.8,21.3,24,24.8,23.1,22.4,86,27.2,1015.3,7,3,6309,2858,24832,58931,16878,Palay,Apari,February,2008
29,21.8,25.4,25.9,24,23.4,86,28.9,1013,5,3,6309,2858,24832,58931,16878,Palay,Apari,March,2008
33.7,24.9,29,28.7,26.3,25.5,82,32.6,1011.1,4,2,6309,2858,24832,58931,16878,Palay,Apari,April,2008
33.3,24.3,28.8,28.6,26.3,25.5,83,32.7,1007.6,5,3,6309,2858,24832,58931,16878,Palay,Apari,May,2008
35.5,25,30.3,29.6,26.8,25.9,80,33.4,1009.7,4,2,6309,2858,24832,58931,16878,Palay,Apari,June,2008
33,24.6,29.2,28.7,26.3,25.5,83,32.8,1007.9,5,2,6309,2858,24832,58931,16878,Palay,Apari,July,2008
32.5,24.2,28.3,28.6,26.1,25.3,83,32.3,1007.8,5,2,6309,2858,24832,58931,16878,Palay,Apari,August,2008
32.8,23.7,28.3,28.5,26.4,25.6,84,33,1007.1,6,2,6309,2858,24832,58931,16878,Palay,Apari,September,2008
33.3,24,28.6,28.5,26.2,25.5,84,32.7,1011.4,5,2,6309,2858,24832,58931,16878,Palay,Apari,October,2008
29.8,23.5,26.6,26.8,25,24.3,86,30.6,1012.7,6,3,6309,2858,24832,58931,16878,Palay,Apari,November,2008
27.5,21.5,24.5,25,23.2,22.5,86,27.4,1014.7,7,4,6309,2858,24832,58931,16878,Palay,Apari,December,2008
27.7,21.9,24.8,24.3,22.8,22.2,88,26.42,1013.4,6,2,752,15231,2032,7392,0,Coconut,Baler,January,2008
26.8,21.4,24.1,23.6,21.8,21.1,85,24.6,1013.6,7,2,752,15231,2032,7392,0,Coconut,Baler,February,2008
28.5,22.3,25.4,24.9,23.3,22.7,87,28.07,1011.2,5,2,752,15231,2032,7392,0,Coconut,Baler,March,2008
30.1,23.8,27,26.3,24.8,24.3,88,29.82,1011.2,5,2,752,15231,2032,7392,0,Coconut,Baler,April,2008
30.4,24.1,27.2,26.8,24.9,24.3,86,29.82,1006.9,6,3,752,15231,2032,7392,0,Coconut,Baler,May,2008
30.8,24.3,27.6,27.1,25.2,24.6,86,31.66,1009.3,5,2,752,15231,2032,7392,0,Coconut,Baler,June,2008
30.9,24.6,27.8,27.3,24.8,24,82,29.82,1007.7,7,4,752,15231,2032,7392,0,Coconut,Baler,July,2008
30.8,24.2,27.5,26.8,24.6,23.8,83,29.82,1008,6,3,752,15231,2032,7392,0,Coconut,Baler,August,2008
32,24.6,28.2,27.5,25,24.2,82,29.82,1007,7,4,752,15231,2032,7392,0,Coconut,Baler,September,2008
30.6,24.3,27.4,26.8,25.2,24.7,88,31.66,1011.2,6,2,752,15231,2032,7392,0,Coconut,Baler,October,2008
28.6,23,25.8,25.5,24.1,23.6,89,29.82,1011.8,7,2,752,15231,2032,7392,0,Coconut,Baler,November,2008
27.7,22.2,25,24.3,22.3,21.5,84,26.42,1013.1,7,2,752,15231,2032,7392,0,Coconut,Baler,December,2008
31.6,21.5,26.5,25.5,23.9,23.3,88,28.8,1012.4,4,1,611,62,1792,114365,213,Palay,Cabanatuan,January,2008
31.5,21.9,26.7,25.5,23.5,22.7,84,27.8,1012.6,5,1,611,62,1792,114365,213,Palay,Cabanatuan,February,2008
33.8,22.4,28.1,27,24.8,24,84,30.1,1011.5,3,1,611,62,1792,114365,213,Palay,Cabanatuan,March,2008
35.6,23.5,29.6,28.5,25.9,25,82,31.9,1010.3,4,1,611,62,1792,114365,213,Palay,Cabanatuan,April,2008
34,24,29,27.5,25.8,25.2,87,32.2,1007.6,6,1,611,62,1792,114365,213,Palay,Cabanatuan,May,2008
34.4,24.2,29.3,28.2,26.1,25.5,85,32.7,1009.3,5,1,611,62,1792,114365,213,Palay,Cabanatuan,June,2008
32.6,24.1,28.3,27,25.7,25.3,91,32.4,1008.8,6,1,611,62,1792,114365,213,Palay,Cabanatuan,July,2008
31.4,23.8,27.6,26.5,25.6,25.2,93,32.3,1008.9,6,1,611,62,1792,114365,213,Palay,Cabanatuan,August,2008
32.5,24,28.2,27,25.9,25.5,92,32.9,1008.2,4,1,611,62,1792,114365,213,Palay,Cabanatuan,September,2008
33.1,23.8,28.5,27.3,25.9,25.5,90,32.8,1010.7,5,1,611,62,1792,114365,213,Palay,Cabanatuan,October,2008
32,23.2,27.6,26.4,25,24.5,90,31,1011,5,1,611,62,1792,114365,213,Palay,Cabanatuan,November,2008
32.3,22.1,27.2,25.8,23.6,22.7,83,27.8,1011.8,4,1,611,62,1792,114365,213,Palay,Cabanatuan,December,2008
31.2,20.3,25.8,26.1,23.5,22.5,81,27.4,1011.9,5,2,1583,2064,17602,85607,504,Palay,Dagupan,January,2008
31,20.6,25.8,26,23.4,22.4,80,27.2,1011.7,5,3,1583,2064,17602,85607,504,Palay,Dagupan,February,2008
32.3,21.9,27.1,27.1,24.4,23.4,80,28.9,1010.7,5,3,1583,2064,17602,85607,504,Palay,Dagupan,March,2008
24.9,23.9,29.4,28.8,25.5,24.4,77,30.6,1009.6,4,3,1583,2064,17602,85607,504,Palay,Dagupan,April,2008
32.2,23.7,28,27.8,25.6,24.9,84,31.5,1006.7,6,3,1583,2064,17602,85607,504,Palay,Dagupan,May,2008
33.3,24.1,28.7,28.4,25.9,25.1,82,31.9,1008.7,6,3,1583,2064,17602,85607,504,Palay,Dagupan,June,2008
31.9,23.8,27.8,27.7,25.6,25,85,31.7,1008,7,2,1583,2064,17602,85607,504,Palay,Dagupan,July,2008
31.3,23.5,27.4,27,25.1,24.5,86,30.8,1008.1,7,3,1583,2064,17602,85607,504,Palay,Dagupan,August,2008
31.7,23.7,27.7,27.5,25.5,24.8,85,31.5,1007.4,6,3,1583,2064,17602,85607,504,Palay,Dagupan,September,2008
32.5,23.9,28.2,28.3,25.9,25.1,83,31.9,1010.4,5,2,1583,2064,17602,85607,504,Palay,Dagupan,October,2008
32,22.9,27.5,27.5,25,24.1,82,30.1,1008.9,5,2,1583,2064,17602,85607,504,Palay,Dagupan,November,2008
30.9,20.7,25.8,26.3,23.4,22.3,79,27.1,1010.7,4,2,1583,2064,17602,85607,504,Palay,Dagupan,December,2008
31.19,21.7,27.25,25.7,22.5,21.2,76,25.3,1009.4,3,2,124,446,6039,16887,194,Palay,Vigan,January,2008
31.19,21.2,27.25,25,21.1,19.3,71,22.6,1009.8,3,2,124,446,6039,16887,194,Palay,Vigan,February,2008
31.19,22.4,27.25,26.5,22.6,21,71,25,1008.4,2,2,124,446,6039,16887,194,Palay,Vigan,March,2008
31.19,24.4,27.25,28.6,24.9,23.6,74,29.1,1006.9,2,2,124,446,6039,16887,194,Palay,Vigan,April,2008
31.7,24,27.7,28.4,24.8,23.5,75,29,1004.4,4,2,124,446,6039,16887,194,Palay,Vigan,May,2008
33.4,23.9,28.6,28.9,25,23.7,73,29.3,1005.4,4,2,124,446,6039,16887,194,Palay,Vigan,June,2008
31.1,22.9,27,27.3,25,24.2,83,30.3,1004.5,6,2,124,446,6039,16887,194,Palay,Vigan,July,2008
29.8,22.6,26.2,26.5,24.4,23.7,85,29.4,1004.4,6,2,124,446,6039,16887,194,Palay,Vigan,August,2008
30.3,24.1,27.2,27.2,25,24.2,84,30.3,1004,5,2,124,446,6039,16887,194,Palay,Vigan,September,2008
31.6,24.2,27.9,27.9,25.2,24.2,80,310.4,1007.4,4,1,124,446,6039,16887,194,Palay,Vigan,October,2008
30.7,23.2,27,26.9,23.7,22.5,77,27.4,1008,4,2,124,446,6039,16887,194,Palay,Vigan,November,2008
30.9,21.8,26.4,25.7,21.1,19,66,22.2,1008.3,2,2,124,446,6039,16887,194,Palay,Vigan,December,2008
25.2,19.6,22.4,23.1,21.6,20.9,87,24.9,1016.8,7,4,6143,2630,27967,56776,12576,Palay,Apari,January,2009
28.6,22.1,25.4,25.8,24,23.3,86,28.7,1013.3,6,2,6143,2630,27967,56776,12576,Palay,Apari,February,2009
30.9,23.7,27.3,27.3,25.3,24.6,85,31,1012.9,5,2,6143,2630,27967,56776,12576,Palay,Apari,March,2009
30.5,23.9,27.2,27,25,24.4,86,30.6,1010.9,6,3,6143,2630,27967,56776,12576,Palay,Apari,April,2009
31.1,24.6,27.9,28.1,25.7,24.9,83,31.7,1010.2,5,2,6143,2630,27967,56776,12576,Palay,Apari,May,2009
32.7,25.1,28.9,28.8,26.5,25.7,83,33.2,1007.3,5,1,6143,2630,27967,56776,12576,Palay,Apari,June,2009
33.3,24.8,29,28.8,26.4,25.6,83,33,1007.1,5,2,6143,2630,27967,56776,12576,Palay,Apari,July,2009
33.6,25.6,29.6,29.4,26.8,26,82,33.6,1005.7,4,2,6143,2630,27967,56776,12576,Palay,Apari,August,2009
32.4,24.5,28.5,28.3,26.2,25.5,84,32.7,1007.4,6,1,6143,2630,27967,56776,12576,Palay,Apari,September,2009
30.6,23.9,27.3,27.2,25.4,24.7,86,31.2,978.9,6,3,6143,2630,27967,56776,12576,Palay,Apari,October,2009
30.3,23.5,26.9,26.8,25,24.4,87,30.7,1013.4,5,3,6143,2630,27967,56776,12576,Palay,Apari,November,2009
28,21.1,24.5,24.7,23,22.3,86,27,1015.5,6,3,6143,2630,27967,56776,12576,Palay,Apari,December,2009
26.6,21,23.8,23.1,21.3,20.6,85,24.86,1014.8,7,2,799,16102,2162,7499,0,Coconut,Baler,January,2009
28.2,22,25.1,24.3,23.1,22.6,90,28.07,1013,7,1,799,16102,2162,7499,0,Coconut,Baler,February,2009
29.6,22.9,26.2,25.7,24.2,23.7,88,29.82,1012.6,5,2,799,16102,2162,7499,0,Coconut,Baler,March,2009
30.2,23.7,27,26.3,24.8,24.3,88,29.82,1010.4,6,2,799,16102,2162,7499,0,Coconut,Baler,April,2009
28.9,23.3,26.1,26,24.6,24.1,89,29.82,1009.4,6,2,799,16102,2162,7499,0,Coconut,Baler,May,2009
29.3,23.2,26.7,25.7,23.9,23.3,86,29.18,1006.4,5,1,799,16102,2162,7499,0,Coconut,Baler,June,2009
30.6,24.5,27.6,27.2,25.3,24.7,86,31.66,1006.6,6,3,799,16102,2162,7499,0,Coconut,Baler,July,2009
31.2,25.2,28.2,27.8,25.5,24.8,83,31.66,1006,6,2,799,16102,2162,7499,0,Coconut,Baler,August,2009
29.3,23.2,26.3,25.7,23.9,23.4,87,29.07,1008.5,6,2,799,16102,2162,7499,0,Coconut,Baler,September,2009
29.7,24.1,26.9,25.9,24.2,23.7,84.5,29.82,1007.4,7,3,799,16102,2162,7499,0,Coconut,Baler,October,2009
29.7,23.4,26.6,25.7,24.2,23.7,88,29.82,1012,6,1,799,16102,2162,7499,0,Coconut,Baler,November,2009
28.7,21.4,25.3,24.5,22.5,21.7,84,26.42,1014.4,6,1,799,16102,2162,7499,0,Coconut,Baler,December,2009
32.1,21.4,26.8,25.4,22.7,21.6,79,26,1013.2,4,1,620,63,1635,113410,191,Palay,Cabanatuan,January,2009
33.7,22.5,28.1,26.8,24.3,23.4,82,29,1011.6,4,1,620,63,1635,113410,191,Palay,Cabanatuan,February,2009
35.1,23.8,29.5,28,25.3,24.3,80,30.5,1011.6,4,1,620,63,1635,113410,191,Palay,Cabanatuan,March,2009
35.3,23.8,29.5,28.1,25.8,25.1,84,31.9,1009.8,4,1,620,63,1635,113410,191,Palay,Cabanatuan,April,2009
33.9,24.1,29,27.7,26,25.4,87,32.6,1009,5,1,620,63,1635,113410,191,Palay,Cabanatuan,May,2009
32.3,24.3,28.3,27.1,26.1,25.7,92,33.2,1008,6,1,620,63,1635,113410,191,Palay,Cabanatuan,June,2009
32.9,24.1,28.5,27.2,26,25.6,91,33.1,1007.6,6,1,620,63,1635,113410,191,Palay,Cabanatuan,July,2009
32.6,24.9,28.7,27.5,26.5,26.1,92,34,1007,6,1,620,63,1635,113410,191,Palay,Cabanatuan,August,2009
31.6,24.3,27.9,26.8,26,25.7,94,33.3,1007,6,1,620,63,1635,113410,191,Palay,Cabanatuan,September,2009
31.5,23.1,27.3,26.1,25.1,24.7,92,31.3,1008.4,6,1,620,63,1635,113410,191,Palay,Cabanatuan,October,2009
33.4,22.5,27.9,26.4,24.8,24.2,88,30.3,1011.1,3,1,620,63,1635,113410,191,Palay,Cabanatuan,November,2009
32.3,20.4,26.4,24.6,22.7,22,86,26.6,1013.5,3,1,620,63,1635,113410,191,Palay,Cabanatuan,December,2009
29.8,19.6,24.7,25.2,22.5,21.5,80,25.8,1012.4,5,3,1453,2217,17294,66842,557,Palay,Dagupan,January,2009
32.9,21.7,27.3,27,24.3,23.3,80,28.7,1011.5,5,3,1453,2217,17294,66842,557,Palay,Dagupan,February,2009
33.4,23.3,28.4,28,25.3,24.3,80,30.4,1010.3,5,3,1453,2217,17294,66842,557,Palay,Dagupan,March,2009
33.2,23.3,28.2,28,25.3,24.5,81,30.7,1007.3,5,3,1453,2217,17294,66842,557,Palay,Dagupan,April,2009
32.8,23.4,28.1,28.2,25.6,24.7,81,31.2,1007.8,6,3,1453,2217,17294,66842,557,Palay,Dagupan,May,2009
31.5,23.3,27.4,27.4,25.5,24.9,86,31.6,1007.2,6,2,1453,2217,17294,66842,557,Palay,Dagupan,June,2009
32,23.6,27.8,27.7,25.6,24.8,84,31.5,1006.8,6,2,1453,2217,17294,66842,557,Palay,Dagupan,July,2009
32.2,23.6,27.9,28.1,26,25.2,84,31.5,1006.8,6,2,1453,2217,17294,66842,557,Palay,Dagupan,August,2009
31.6,23.2,27.4,27.5,25.7,25,86,31.8,1005.7,7,3,1453,2217,17294,66842,557,Palay,Dagupan,September,2009
30.9,22.8,26.9,26.9,25,24.4,86,30.7,1007.7,6,4,1453,2217,17294,66842,557,Palay,Dagupan,October,2009
31.5,22.9,27.2,27.3,24.9,24.1,82,30,1010.5,4,2,1453,2217,17294,66842,557,Palay,Dagupan,November,2009
30.5,20,25.3,25.7,23.3,22.4,82,27.2,1012.5,4,3,1453,2217,17294,66842,557,Palay,Dagupan,December,2009
29,20.2,24.6,24.6,20.2,18,67,25.3,1009.2,4,2,799,455,5389,14002,206,Palay,Vigan,January,2009
30.6,22.7,26.7,26.6,23.2,21.8,75,26.3,1007.6,3,2,799,455,5389,14002,206,Palay,Vigan,February,2009
31.9,24,27.9,27.9,24.3,22.5,74,28,1008,3,2,799,455,5389,14002,206,Palay,Vigan,March,2009
32,24,28,28.2,24.4,23,74,28.3,2008.5,4,2,799,455,5389,14002,206,Palay,Vigan,April,2009
31.2,24,27.6,27.9,25,24,79,30,1007.7,4,1,799,455,5389,14002,206,Palay,Vigan,May,2009
30.5,24.3,27.4,27.4,25,24.2,83,30.3,10015.7,5,2,799,455,5389,14002,206,Palay,Vigan,June,2009
30.8,24.4,27.6,27.6,25.3,24.5,83,30.9,1003,5,2,799,455,5389,14002,206,Palay,Vigan,July,2009
31.3,24.7,28,28,25.7,24.9,83,31.6,1002.1,5,2,799,455,5389,14002,206,Palay,Vigan,August,2009
31.5,24,27.8,27.5,25.4,24.7,85,31.2,1004,5,2,799,455,5389,14002,206,Palay,Vigan,September,2009
30.5,23.3,26.9,26.8,24.3,23.2,82,28.8,1004.9,5,3,799,455,5389,14002,206,Palay,Vigan,October,2009
31.6,22.9,27.2,26.8,23.7,22.5,77,27.4,1007.1,2,2,799,455,5389,14002,206,Palay,Vigan,November,2009
29.9,20.5,25.2,24.7,21.2,19.7,74,23,1010,2,2,799,455,5389,14002,206,Palay,Vigan,December,2009
27.8,21,24.4,24.5,22.9,22.2,87,26.8,1015.8,5,2,4944,2554,21770,51361,11852,Palay,Apari,January,2010
30.1,21.8,26,26.2,24.1,23.3,84,28.8,1014.2,3,2,4944,2554,21770,51361,11852,Palay,Apari,February,2010
30.7,23,26.8,26.8,24.5,23.6,82,29.3,1015,4,2,4944,2554,21770,51361,11852,Palay,Apari,March,2010
33.1,24,28.6,28.2,25.8,25,83,31.8,1012.9,3,2,4944,2554,21770,51361,11852,Palay,Apari,April,2010
34,25.3,29.7,29.1,26.7,25.9,83,33.5,1009.4,3,2,4944,2554,21770,51361,11852,Palay,Apari,May,2010
33.8,25.2,19.5,29.4,26.8,26,82,33.6,1009.6,5,2,4944,2554,21770,51361,11852,Palay,Apari,June,2010
34.4,24.9,29.6,29.6,26.9,26,81,33.7,1010,4,2,4944,2554,21770,51361,11852,Palay,Apari,July,2010
33.4,24.7,29.1,28.9,26.5,25.8,83,33.3,1008.5,6,2,4944,2554,21770,51361,11852,Palay,Apari,August,2010
32.2,24.3,28.3,28.4,26.3,25.6,85,33,1010,5,2,4944,2554,21770,51361,11852,Palay,Apari,September,2010
31.7,24.3,28,28.2,26,25.3,84,32.3,1009.6,6,4,4944,2554,21770,51361,11852,Palay,Apari,October,2010
29.4,23.1,26.3,26.4,24.8,24.2,88,30.3,1012.8,7,4,4944,2554,21770,51361,11852,Palay,Apari,November,2010
28.4,22,25.2,24.9,23.4,22.8,88,28.1,1012.5,7,4,4944,2554,21770,51361,11852,Palay,Apari,December,2010
26.5,21.3,23.9,23.4,21.8,21.2,87,24.9,1013.5,8,2,1073,16983,1533,7083,0,Coconut,Baler,January,2010
28.7,21.6,25.2,24.5,22.4,21.6,83,26.42,1012.8,7,1,1073,16983,1533,7083,0,Coconut,Baler,February,2010
27.8,22,24.9,24.3,22.8,22.2,88,26.4,1013.9,7,1,1073,16983,1533,7083,0,Coconut,Baler,March,2010
29.1,22.2,25.6,25.2,24.1,22.8,86.8,29.8,1012.5,6,1,1073,16983,1533,7083,0,Coconut,Baler,April,2010
31.1,24.3,27.7,27.3,25.4,24.8,86,31.7,1008.6,6,2,1073,16983,1533,7083,0,Coconut,Baler,May,2010
30.1,24.3,27.2,26.7,25.1,24.6,88,31.7,1008.4,7,2,1073,16983,1533,7083,0,Coconut,Baler,June,2010
31,24.5,27.8,27.3,24.8,24,82,29.8,1006.4,6,3,1073,16983,1533,7083,0,Coconut,Baler,July,2010
30.7,23.6,27.2,27.2,24.8,24,82,29.8,1006.4,7,4,1073,16983,1533,7083,0,Coconut,Baler,August,2010
31.2,24.2,27.7,27.3,24.9,24.1,82,29.8,1006.7,7,4,1073,16983,1533,7083,0,Coconut,Baler,September,2010
30.8,23.8,27.3,26.7,24.9,24.3,86,29.8,1009.7,6,2,1073,16983,1533,7083,0,Coconut,Baler,October,2010
29.4,23.2,26.3,25.6,24.5,24.1,91,29.8,1011.3,6,2,1073,16983,1533,7083,0,Coconut,Baler,November,2010
28.3,22,25.2,23.6,23.6,23.2,84,28.1,1014.8,7,2,1073,16983,1533,7083,0,Coconut,Baler,December,2010
32.4,21.1,26.8,25,22.9,22.1,84,26.7,1014.5,3,1,616,64,1256,114514,191,Palay,Cabanatuan,January,2010
34,21.1,27.5,25.7,23.6,22.8,84,27.9,1014,2,1,616,64,1256,114514,191,Palay,Cabanatuan,February,2010
34.9,22.6,28.7,27,24.4,23.4,81,28.9,1013.4,2,1,616,64,1256,114514,191,Palay,Cabanatuan,March,2010
36.8,23.5,30.2,28.5,25.6,24.6,79,31,1012.1,2,1,616,64,1256,114514,191,Palay,Cabanatuan,April,2010
37.3,25.8,31.6,30,26.9,26,79,33.6,979.8,4,1,616,64,1256,114514,191,Palay,Cabanatuan,May,2010
34.8,25.4,30.1,28.4,26.8,26.3,89,34.4,1006.4,5,1,616,64,1256,114514,191,Palay,Cabanatuan,June,2010
33.6,24.6,29.1,27.4,26.3,25.9,91,33.6,1009.7,6,1,616,64,1256,114514,191,Palay,Cabanatuan,July,2010
32.7,24.7,28.7,27,26.2,25.8,93,33.5,1008.9,6,1,616,64,1256,114514,191,Palay,Cabanatuan,August,2010
33.4,24.3,28.8,27.2,26.1,25.7,92,33.2,1009.9,5,1,616,64,1256,114514,191,Palay,Cabanatuan,September,2010
32.6,24,28.3,26.7,25.7,25.4,93,32.6,1008.2,5,1,616,64,1256,114514,191,Palay,Cabanatuan,October,2010
32.7,23.8,28.2,26.4,25.3,24.9,91,31.6,1010.3,5,1,616,64,1256,114514,191,Palay,Cabanatuan,November,2010
31.6,23.7,27.6,26.9,24.8,24,84,22.37,1007.6,5,2,616,64,1256,114514,191,Palay,Cabanatuan,December,2010
31.3,20.5,25.9,25.8,23.3,22.4,81,27.1,1013.5,4,3,1337,2158,19210,78392,486,Palay,Dagupan,January,2010
32,20.8,26.4,26.7,24,22.9,80,28.1,1013.3,3,3,1337,2158,19210,78392,486,Palay,Dagupan,February,2010
33.9,22.3,28.1,28.1,24.8,23.6,76,29.2,1012.5,4,3,1337,2158,19210,78392,486,Palay,Dagupan,March,2010
34.6,23.7,29.2,29.2,25.6,24.4,75,30.6,1011.2,4,3,1337,2158,19210,78392,486,Palay,Dagupan,April,2010
35.2,25.6,30.4,30.1,26.7,25.6,77,32.9,1008.3,5,3,1337,2158,19210,78392,486,Palay,Dagupan,May,2010
33.5,25,29.2,29.1,26.5,25.6,82,33,1008.9,6,2,1337,2158,19210,78392,486,Palay,Dagupan,June,2010
33,24.4,28.7,28.6,26.2,25.5,83,32.6,1009.2,6,2,1337,2158,19210,78392,486,Palay,Dagupan,July,2010
31.8,24.3,28,27.7,25.8,25.2,86,32.2,1008.1,7,2,1337,2158,19210,78392,486,Palay,Dagupan,August,2010
32.4,24.1,28.3,27.9,25.8,25.2,85,32.1,1009.2,6,2,1337,2158,19210,78392,486,Palay,Dagupan,September,2010
32,23.7,27.9,27.7,25.7,25.1,86,31.9,1007.5,6,3,1337,2158,19210,78392,486,Palay,Dagupan,October,2010
31.4,23.7,27.6,27.5,25.4,24.7,85,31.3,1009.9,5,2,1337,2158,19210,78392,486,Palay,Dagupan,November,2010
30.9,22.4,26.7,26.9,24.5,23.6,82,29.3,1009.1,4,2,1337,2158,19210,78392,486,Palay,Dagupan,December,2010
30.5,20.7,25.6,24.9,21,19.3,71,22.5,1013.9,2,2,765.83,448,4612,15265,214,Palay,Vigan,January,2010
31,21.8,26.4,25.7,22.6,21.4,77,25.25,1013.4,2,2,765.83,448,4612,15265,214,Palay,Vigan,February,2010
31.6,22.9,27.2,27.1,23.2,21.7,72,26,1012.7,2,2,765.83,448,4612,15265,214,Palay,Vigan,March,2010
33,24.2,28.6,28.6,24.9,23.6,74,29.1,1011.5,3,2,765.83,448,4612,15265,214,Palay,Vigan,April,2010
34.1,24.6,29.4,19.3,25.6,24.3,75,30.5,1008.7,3,2,765.83,448,4612,15265,214,Palay,Vigan,May,2010
32.9,24.1,28.5,28.7,25.9,25,80,31.7,1009,4,2,765.83,448,4612,15265,214,Palay,Vigan,June,2010
32.9,23.6,28.2,28.1,25.5,24.6,81,30.9,1009.3,5,1,765.83,448,4612,15265,214,Palay,Vigan,July,2010
31.7,23.6,17.6,27.4,25.3,24.5,84,30.9,1008,6,2,765.83,448,4612,15265,214,Palay,Vigan,August,2010
31.2,23,27.1,27.3,25,24.2,83,30.3,1008.9,5,2,765.83,448,4612,15265,214,Palay,Vigan,September,2010
31.2,22.3,26.7,26.7,24.1,23.1,81,28.4,1008.4,4,2,765.83,448,4612,15265,214,Palay,Vigan,October,2010
31,21.2,26.1,25.8,22.2,20.7,73,24.6,1004.9,2,2,765.83,448,4612,15265,214,Palay,Vigan,November,2010
29,20.2,24.6,24.6,20.2,18,67,20.9,1009.2,2,2,765.83,448,4612,15265,214,Palay,Vigan,December,2010
26.8,20.5,23.6,23.5,21.2,20.2,82,23.37,1014.9,8,4,4336,2736,30984,65386,11153,Palay,Apari,January,2011
28,21.6,24.8,24.5,22.8,22.1,86,26.8,1013.1,5,4,4336,2736,30984,65386,11153,Palay,Apari,February,2011
29.3,22.3,25.8,25.4,23.6,23,86,28.07,1015.1,6,5,4336,2736,30984,65386,11153,Palay,Apari,March,2011
30.9,23.4,27.2,26.8,24.6,23.8,83,29.82,1015.1,5,3,4336,2736,30984,65386,11153,Palay,Apari,April,2011
32.9,26.2,29.5,28.7,26.5,25.8,84,33.61,1008.4,5,3,4336,2736,30984,65386,11153,Palay,Apari,May,2011
33.7,25.4,29.6,29.4,26.8,26,82,33.61,1004.4,5,3,4336,2736,30984,65386,11153,Palay,Apari,June,2011
33.3,26.3,29.9,29.1,26.7,26,83,33.61,1007.7,5,2,4336,2736,30984,65386,11153,Palay,Apari,July,2011
26.4,26.4,29.6,29.1,26.7,26,83,33.61,1007.1,5,3,4336,2736,30984,65386,11153,Palay,Apari,August,2011
31.8,25.7,25.4,28.3,26.1,25.4,84,31.66,1007.5,6,3,4336,2736,30984,65386,11153,Palay,Apari,September,2011
30.7,25.6,28.2,27.8,25.9,25.3,86,31.66,1010.8,6,3,4336,2736,30984,65386,11153,Palay,Apari,October,2011
29.8,25,27.4,27,25.1,24.4,86,30.8,1012.7,6,3,4336,2736,30984,65386,11153,Palay,Apari,November,2011
27.2,22,24.6,24.5,23,22.4,88,27.2,1014.2,7,5,4336,2736,30984,65386,11153,Palay,Apari,December,2011
28.2,21.6,24.9,24.3,23,22.5,90,28.1,1013.4,6,1,1030,17174,1116,7119,0,Coconut,Baler,January,2011
27.7,21.4,24.6,24.2,23.1,22.7,91,28.1,1012.8,6,1,1030,17174,1116,7119,0,Coconut,Baler,February,2011
27.8,22.2,25,24.8,23.7,23.3,91,28.1,1012.7,7,1,1030,17174,1116,7119,0,Coconut,Baler,March,2011
30.9,23.2,27.1,26.4,25,24.5,89,31.7,1012.1,4,1,1030,17174,1116,7119,0,Coconut,Baler,April,2011
32.5,24.6,28.6,27.9,26.3,25.7,88,31.7,1008.1,6,2,1030,17174,1116,7119,0,Coconut,Baler,May,2011
33.2,25.3,29.2,28.2,25.6,24.6,80,31.7,1005.6,6,2,1030,17174,1116,7119,0,Coconut,Baler,June,2011
30.5,23.8,27.2,26.8,25.2,27.7,88,37.8,1006.2,7,2,1030,17174,1116,7119,0,Coconut,Baler,July,2011
31.2,23.9,27.6,27.1,24.8,24.1,84,29.8,1005.6,7,5,1030,17174,1116,7119,0,Coconut,Baler,August,2011
30.7,23.3,27,26.7,25.1,24.6,88,31.7,1008,7,2,1030,17174,1116,7119,0,Coconut,Baler,September,2011
30.1,22.6,26.4,25.9,24.2,23.6,88,29.8,1011.1,6,1,1030,17174,1116,7119,0,Coconut,Baler,October,2011
30.1,22.4,26.2,24.6,24.6,24.2,90,29.8,1012.8,5,1,1030,17174,1116,7119,0,Coconut,Baler,November,2011
28.4,22.2,25.3,24.8,23.5,23,90,28.1,1013,6,2,1030,17174,1116,7119,0,Coconut,Baler,December,2011
31.7,21.3,26.5,24.6,22.9,22,86,19.82,1011.7,4,1,613,64,1261,109457,192,Palay,Cabanatuan,January,2011
32.6,21.2,26.9,25.2,23.2,22.5,84,19.82,1011.5,4,1,613,64,1261,109457,192,Palay,Cabanatuan,February,2011
33.7,22.5,28.1,26.1,24,23.3,84,21.06,1011.9,4,1,613,64,1261,109457,192,Palay,Cabanatuan,March,2011
35.4,22.7,29,26.9,24.3,23,81,21.06,1011,3,1,613,64,1261,109457,192,Palay,Cabanatuan,April,2011
35.1,24.6,29.8,28.1,26.1,26,85,25.21,1008.6,5,1,613,64,1261,109457,192,Palay,Cabanatuan,May,2011
32.3,24.8,28.6,27.2,25.9,26,90,25.21,1008.2,6,1,613,64,1261,109457,192,Palay,Cabanatuan,June,2011
32.2,24.8,28.5,27.1,26,26,92,25.21,1007.4,6,1,613,64,1261,109457,192,Palay,Cabanatuan,July,2011
31.3,24.6,28,26.9,26.1,26,94,25.21,1007.6,6,1,613,64,1261,109457,192,Palay,Cabanatuan,August,2011
31.5,24.6,28,26.8,31.5,26,94,25.2,1000.2,6,1,613,64,1261,109457,192,Palay,Cabanatuan,September,2011
32.3,24.2,28.2,27.2,25.8,25,89,23.75,1009.6,4,1,613,64,1261,109457,192,Palay,Cabanatuan,October,2011
31.8,24.1,28,27,25.4,25,88,23.75,1007.1,5,1,613,64,1261,109457,192,Palay,Cabanatuan,November,2011
31.6,23.7,27.6,26.9,24.8,24,84,22.37,1007.6,5,2,613,64,1261,109457,192,Palay,Cabanatuan,December,2011
30.7,20.5,25.6,25.8,23.4,22.5,81.5,28.07,1010.8,4,2,1248,2245,20756,79856,378,Palay,Dagupan,January,2011
30.8,21.2,26,26,23.5,22.5,81.5,28.07,1010.8,5,3,1248,2245,20756,79856,378,Palay,Dagupan,February,2011
31.7,22.8,27.3,27,24.3,22.6,81,28.07,1010.8,4,3,1248,2245,20756,79856,378,Palay,Dagupan,March,2011
32.8,21.8,27.2,28.1,24.8,23.7,76.6,29.82,1007.9,6,3,1248,2245,20756,79856,378,Palay,Dagupan,April,2011
33.4,24.6,29,28.9,26.3,25.6,81.3,33.61,1007,6,3,1248,2245,20756,79856,378,Palay,Dagupan,May,2011
32.1,24.4,28.2,28.1,26,25.6,81.3,33.61,1007,7,2,1248,2245,20756,79856,378,Palay,Dagupan,June,2011
31.3,24,27.7,27.7,25.9,25.3,86,31.66,1006.8,7,2,1248,2245,20756,79856,378,Palay,Dagupan,July,2011
30.3,23.9,27.1,27.4,25.9,25.4,89,31.66,1007.1,7,3,1248,2245,20756,79856,378,Palay,Dagupan,August,2011
30.3,23.8,27.5,27.1,25.7,25.2,89,31.66,1008.6,6,3,1248,2245,20756,79856,378,Palay,Dagupan,September,2011
31.9,24.2,28.1,27.7,25.7,25.1,85.1,31.66,1009.5,5,2,1248,2245,20756,79856,378,Palay,Dagupan,October,2011
31.7,24,27.8,27.5,25.4,24.6,84,31.66,1010.2,5,2,1248,2245,20756,79856,378,Palay,Dagupan,November,2011
31.1,23.3,27.2,27,24.9,24.2,84.4,29.82,1010.2,5,2,1248,2245,20756,79856,378,Palay,Dagupan,December,2011
30.9,20.7,25.3,25.4,21.2,19.4,69,16.47,1004.6,9,2,802,428,5298,15929,216,Palay,Vigan,January,2011
30.5,19.2,24.3,25.2,21.3,19.7,71,17.53,1006.2,2,1,802,428,5298,15929,216,Palay,Vigan,February,2011
25.5,21,26.3,27.2,22.3,21.1,65,13.65,1002.6,2,2,802,428,5298,15929,216,Palay,Vigan,March,2011
32,22.1,27.1,27.6,20.7,22.3,72,19.82,1009,1,2,802,428,5298,15929,216,Palay,Vigan,April,2011
32.2,23.7,23.5,23.9,25.4,24.5,75,22.37,1007.3,4,2,802,428,5298,15929,216,Palay,Vigan,May,2011
32.5,24,28.1,23.1,25.4,24.5,80,29.82,1006.6,10,2,802,428,5298,15929,216,Palay,Vigan,June,2011
30.9,25.6,27.3,27.1,25.1,24.4,85,29.82,1006.61,15,2,802,428,5298,15929,216,Palay,Vigan,July,2011
30.3,25.5,27.2,27.2,25.4,24.3,86,31.66,1007,12,2,802,428,5298,15929,216,Palay,Vigan,August,2011
30.7,23.2,27,26.3,25.2,37,87,29.82,1007.6,15,2,802,428,5298,15929,216,Palay,Vigan,September,2011
31.3,23.2,27.3,34,24.5,23.5,84,22.57,1003.1,2,2,802,428,5298,15929,216,Palay,Vigan,October,2011
31.7,23.5,27.6,27.2,24.5,23.5,80,22.37,1001,8,2,802,428,5298,15929,216,Palay,Vigan,November,2011
30.4,22,26.2,25.7,23,22,79,19.32,1001.9,6,2,802,428,5298,15929,216,Palay,Vigan,December,2011
27.3,22.1,24.7,25.2,23.4,22.6,85,28.07,1014.7,6,3,5319,2717,36028,72977,14861,Palay,Apari,January,2012
29,22.8,25.9,25.7,23.8,23.1,85,28.07,1013.8,6,3,5319,2717,36028,72977,14861,Palay,Apari,February,2012
30.5,24,27.3,27,25,24.3,85,29.82,1013.3,5,3,5319,2717,36028,72977,14861,Palay,Apari,March,2012
33.3,24.8,29,28.5,26,25.1,82,32,1011.9,4,2,5319,2717,36028,72977,14861,Palay,Apari,April,2012
33.5,26.2,29.2,29.3,26.5,25.7,80,33.61,1008.6,5,2,5319,2717,36028,72977,14861,Palay,Apari,May,2012
32.9,25.6,29.2,29.1,26.5,25.7,81,33.61,1006,6,2,5319,2717,36028,72977,14861,Palay,Apari,June,2012
31.8,25.1,28.4,28.5,26.1,25.3,82,31.66,1006.4,5,2,5319,2717,36028,72977,14861,Palay,Apari,July,2012
31.2,24.2,28.1,28.1,25.9,25.1,83,31.66,1005.5,5,2,5319,2717,36028,72977,14861,Palay,Apari,August,2012
31.9,25.1,28.4,28.6,34.1,25.3,82,31.66,1008.5,8,2,5319,2717,36028,72977,14861,Palay,Apari,September,2012
30.5,24.5,27.5,27.6,25.4,24.7,84,31.66,1012.1,6,3,5319,2717,36028,72977,14861,Palay,Apari,October,2012
30.5,24.4,27.4,27.4,25.3,24.6,84,31.66,1013.1,4,3,5319,2717,36028,72977,14861,Palay,Apari,November,2012
28.57,22.65,26.46,25.61,23.86,24,89.5,29.82,1013.35,4,4,5319,2717,36028,72977,14861,Palay,Apari,December,2012
27.4,20.8,24.1,23.6,22.2,21.6,88,26.4,1014.5,7,1,1046,16880,1762,7566,0,Coconut,Baler,January,2012
28.4,21.4,25,24.6,23.4,23,91,28.9,1014.4,7,1,1046,16880,1762,7566,0,Coconut,Baler,February,2012
29,22,25.5,25.2,23.6,23,88,28.3,1014,5,2,1046,16880,1762,7566,0,Coconut,Baler,March,2012
31.4,23.7,27.6,27.3,25.6,25,87,31.7,1011,5,1,1046,16880,1762,7566,0,Coconut,Baler,April,2012
31.6,24.3,25.6,27.9,22.7,23.4,83,28.1,1010.2,6,1,1046,16880,1762,7566,0,Coconut,Baler,May,2012
31.5,24.2,27.9,27.8,25.8,25.2,85,31.6,1007.6,6,2,1046,16880,1762,7566,0,Coconut,Baler,June,2012
30,23,26.5,26.6,24.3,23.5,83,29.8,1009.1,7,1,1046,16880,1762,7566,0,Coconut,Baler,July,2012
30,23.6,26.8,26.8,24.8,24.1,84,29.8,1008,7,3,1046,16880,1762,7566,0,Coconut,Baler,August,2012
30.9,23.4,27.2,27.1,25,24.3,84,29.8,1007.6,7,3,1046,16880,1762,7566,0,Coconut,Baler,September,2012
30.9,22.9,26.9,26.1,23.8,22.9,82,28.1,1009.5,6,1,1046,16880,1762,7566,0,Coconut,Baler,October,2012
28.4,22.2,25.3,25,23.8,23.4,85,28.1,1013,7,1,1046,16880,1762,7566,0,Coconut,Baler,November,2012
27.6,21.4,24.5,24.2,22.9,22.4,90,26.5,1012.8,7,2,1046,16880,1762,7566,0,Coconut,Baler,December,2012
32,22.7,27.4,26.4,24,23,82,21.06,1009,4,1,619,64,1613,132264,192,Palay,Cabanatuan,January,2012
32.2,22.4,27.3,26.4,24,23,82,21.06,1008.2,4,1,619,64,1613,132264,192,Palay,Cabanatuan,February,2012
33.5,23.2,28.4,27.4,24.6,24,79,22.37,1011.4,4,1,619,64,1613,132264,192,Palay,Cabanatuan,March,2012
36.4,23.8,30.1,29.8,26.1,25,74,23.75,1010.9,3,1,619,64,1613,132264,192,Palay,Cabanatuan,April,2012
36,25.6,30.8,29.5,26.9,26.1,82,25.21,1007.6,5,1,619,64,1613,132264,192,Palay,Cabanatuan,May,2012
32.4,24.8,28.6,27.6,25.9,25,87,23.75,1007.4,6,1,619,64,1613,132264,192,Palay,Cabanatuan,June,2012
32,24.6,28.3,27.3,32,23,79,21.06,1006.8,6,1,619,64,1613,132264,192,Palay,Cabanatuan,July,2012
30.5,24.2,27.4,26.6,22.3,21,69,18.65,1007.2,7,1,619,64,1613,132264,192,Palay,Cabanatuan,August,2012
31.7,24.6,28.2,27.3,22.3,20,65,17.53,1008.1,6,1,619,64,1613,132264,192,Palay,Cabanatuan,September,2012
32,23.6,27.8,27,25.4,25,88,23.75,1009.9,5,1,619,64,1613,132264,192,Palay,Cabanatuan,October,2012
33,22.9,28,27.2,25,24,84,22.37,1011.7,2,1,619,64,1613,132264,192,Palay,Cabanatuan,November,2012
32.6,27.9,23.8,27,24.6,24,82,22.37,1011.5,4,1,619,64,1613,132264,192,Palay,Cabanatuan,December,2012
31.4,21.4,26.4,26.5,24.1,23.3,82,28.07,1010.7,4,2,1311,2299,23765,88132,392,Palay,Dagupan,January,2012
31.8,21.6,26.7,26.9,24.4,23.5,81,29.82,1010.5,4,2,1311,2299,23765,88132,392,Palay,Dagupan,February,2012
33.2,23.1,28.2,27.7,24.9,24,79.4,29.82,1010.4,4,3,1311,2299,23765,88132,392,Palay,Dagupan,March,2012
35.2,24.7,30,29.7,26.3,25.2,77,31.66,1007.6,6,3,1311,2299,23765,88132,392,Palay,Dagupan,April,2012
34.2,25,29.6,29.4,26.8,26,81,31.61,1006.2,4,2,1311,2299,23765,88132,392,Palay,Dagupan,May,2012
31.2,24.5,27.9,27.6,25.9,28,87,31.61,1006,7,2,1311,2299,23765,88132,392,Palay,Dagupan,June,2012
31.5,24.3,27.9,27.6,25.9,25.4,88,31.66,1006.3,7,2,1311,2299,23765,88132,392,Palay,Dagupan,July,2012
30.2,23.9,27.1,26.8,25.5,25.1,90.3,31.66,1007.3,6,2,1311,2299,23765,88132,392,Palay,Dagupan,August,2012
31.9,24.5,28.2,27.9,26.3,25.8,88,31.66,1009,5,3,1311,2299,23765,88132,392,Palay,Dagupan,September,2012
31.7,23.8,27.8,27.5,25.4,24.7,85,31.66,1011,3,2,1311,2299,23765,88132,392,Palay,Dagupan,October,2012
33,23.5,28.2,28.1,25.4,24.5,80,29.82,1010.9,4,2,1311,2299,23765,88132,392,Palay,Dagupan,November,2012
32.4,23,27.7,27.4,25,24.2,82,29.82,1010.9,4,2,1311,2299,23765,88132,392,Palay,Dagupan,December,2012
30.7,21.2,26,25.5,22.5,21,76,19.65,1011.9,1,2,840,413,5787,17357,223,Palay,Vigan,January,2012
31.5,22.1,26.3,26.6,23,21.6,74,19.32,1011.2,2,2,840,413,5787,17357,223,Palay,Vigan,February,2012
32.5,23.4,23,27.9,24.2,22.9,74,28.07,1004.7,0,2,840,413,5787,17357,223,Palay,Vigan,March,2012
32.8,24.2,28.5,28.9,24.9,23,76,18.65,1011.3,1,2,840,413,5787,17357,223,Palay,Vigan,April,2012
33.1,24.6,28.9,29.1,25.3,24.8,77,39.66,1008.3,5,2,840,413,5787,17357,223,Palay,Vigan,May,2012
31.2,24,27.6,27.6,26.4,24.7,82,31.66,1006.3,12,2,840,413,5787,17357,223,Palay,Vigan,June,2012
30.8,23.9,24.8,27.3,25.4,24.8,86,29.82,1005.9,15,2,840,413,5787,17357,223,Palay,Vigan,July,2012
29.4,23.5,26.5,26.5,24.9,24.4,88,29.83,1005.6,22,2,840,413,5787,17357,223,Palay,Vigan,August,2012
31.4,23.7,27.6,27.4,25.4,24.8,85,31.66,1007.5,6,1,840,413,5787,17357,223,Palay,Vigan,September,2012
31.1,22.3,26.7,26.5,23.8,22.8,80,28.07,1009.9,4,2,840,413,5787,17357,223,Palay,Vigan,October,2012
32.1,23,27.6,27.3,2.45,23.5,79,29.82,1001.8,0,1,840,413,5787,17357,223,Palay,Vigan,November,2012
31.8,22.2,27,26.5,23.2,22,76,26.42,1001.8,2,1,840,413,5787,17357,223,Palay,Vigan,December,2012
27.26,21.51,25.53,24.45,22.75,23,87,28.07,1015.3,6,4.07,6651,2731,30097,69145,18775,Palay,Apari,January,2013
29.08,23.18,26.15,25.61,23.69,23,84.75,28.07,1015,4.64,3.57,6651,2731,30097,69145,18775,Palay,Apari,February,2013
30.9,23.9,27.4,27,24.8,24.1,84,29.82,1014,4,4,6651,2731,30097,69145,18775,Palay,Apari,March,2013
32.4,24.8,28.6,28.3,25.9,25.2,82,31.66,1011,4,3,6651,2731,30097,69145,18775,Palay,Apari,April,2013
33.1,24.7,28.9,28.7,25.9,25.2,82,31.66,1009.4,4,2,6651,2731,30097,69145,18775,Palay,Apari,May,2013
35,26,30.5,30.2,27.3,26.4,80,33.61,1009.6,4,3,6651,2731,30097,69145,18775,Palay,Apari,June,2013
33.8,25.6,29.7,29.3,26.7,26,82,33.61,1010.5,5,3,6651,2731,30097,69145,18775,Palay,Apari,July,2013
32.4,25.2,29.7,28.7,26.3,26.5,86,33.65,1006.7,6,3,6651,2731,30097,69145,18775,Palay,Apari,August,2013
31.9,25,28.5,28.1,25.9,25.1,84,31.66,1006.7,5,3,6651,2731,30097,69145,18775,Palay,Apari,September,2013
30.9,24.3,27.6,27.4,25.2,24.6,84,31.66,1009.5,6,4,6651,2731,30097,69145,18775,Palay,Apari,October,2013
29.4,24,26.7,26.6,24.6,23,90,28.07,1012.8,6,4,6651,2731,30097,69145,18775,Palay,Apari,November,2013
27.3,22.8,25.1,24.5,23.1,22.5,88,28.07,1013.2,7,5,6651,2731,30097,69145,18775,Palay,Apari,December,2013
26.9,19.2,23.1,22.7,20.1,18.9,79,22,1015.8,6,2,1222,14418,1794,7325,0,Coconut,Baler,January,2013
28.5,20.2,24.4,23.7,22,21.3,86,24.9,1014.1,6,2,1222,14418,1794,7325,0,Coconut,Baler,February,2013
28.8,21.3,25,24.5,22.9,22.3,87,26.4,1015.1,6,1,1222,14418,1794,7325,0,Coconut,Baler,March,2013
30.8,22.8,26.8,26.2,24.4,23.8,86,29.8,1012.2,6,1,1222,14418,1794,7325,0,Coconut,Baler,April,2013
32.7,24.7,28.7,28,25.9,25.3,85,31.7,1011.2,4,1,1222,14418,1794,7325,0,Coconut,Baler,May,2013
34.4,26.6,30.5,29.1,25.8,24.8,77,31.7,1007.2,5,2,1222,14418,1794,7325,0,Coconut,Baler,June,2013
32.7,24.6,28.6,27.9,25.2,24.4,81,29.8,1006.4,6,4,1222,14418,1794,7325,0,Coconut,Baler,July,2013
32.6,24.2,28.4,27.7,25,24.1,80,29.8,1009,6,4,1222,14418,1794,7325,0,Coconut,Baler,August,2013
31.8,24.2,28,27.2,24.9,24.1,83,29.8,1008.1,6,2,1222,14418,1794,7325,0,Coconut,Baler,September,2013
31.1,23.8,27.4,26.4,24.1,23.3,83,29.1,1010.4,6,2,1222,14418,1794,7325,0,Coconut,Baler,October,2013
30.1,23.1,26.6,25.8,23.7,23,84,28.1,1012.4,5,1,1222,14418,1794,7325,0,Coconut,Baler,November,2013
27.2,22.3,24.7,24.3,22.6,21.9,87,26.6,1013.9,6,2,1222,14418,1794,7325,0,Coconut,Baler,December,2013
31.2,22,26.6,25.8,23.4,22,82,26.42,1012.9,4,1,613,63,2036,139389,221,Palay,Cabanatuan,January,2013
32.5,22.9,27.7,26.9,24.3,28,81,28.36,1009.6,3,1,613,63,2036,139389,221,Palay,Cabanatuan,February,2013
34.2,23.4,28.8,27.8,25.1,24,80,22.3,1009,3,1,613,63,2036,139389,221,Palay,Cabanatuan,March,2013
36.5,25.6,31,30.1,26.7,25,71,23.75,1006.6,3,1,613,63,2036,139389,221,Palay,Cabanatuan,April,2013
35.7,25.4,30.6,29.3,26.7,26,82,33.6,1009.6,5,1,613,63,2036,139389,221,Palay,Cabanatuan,May,2013
34.5,25.3,29.9,28.8,26.8,26,86,33.61,1007.4,5,1,613,63,2036,139389,221,Palay,Cabanatuan,June,2013
32.8,24.8,24.8,27.8,26.2,26,88,33.6,1008.5,6,1,613,63,2036,139389,221,Palay,Cabanatuan,July,2013
30.8,24.6,27.8,27,25.9,26,92,33.6,1008.3,7,1,613,63,2036,139389,221,Palay,Cabanatuan,August,2013
31.4,24.5,28,26.8,25.8,26,92,33.6,1007.7,7,1,613,63,2036,139389,221,Palay,Cabanatuan,September,2013
32.1,23.9,28,27.3,25.4,25,86,31.7,1009.1,4,1,613,63,2036,139389,221,Palay,Cabanatuan,October,2013
32.1,23.9,28,26.3,25.2,24.8,91,31.66,1011.2,4,1,613,63,2036,139389,221,Palay,Cabanatuan,November,2013
32,23.7,27.8,27,24.8,24,84,29.82,1011.1,4,1,613,63,2036,139389,221,Palay,Cabanatuan,December,2013
31,21.4,26.2,26,23.6,22.7,82,28.07,1012.1,4,2,1316,2373,24134,88753,383,Palay,Dagupan,January,2013
32.2,21.6,26.9,26.9,24.4,23.6,81.3,29.82,1011.6,4,3,1316,2373,24134,88753,383,Palay,Dagupan,February,2013
33.9,33.4,28.5,28.3,35.5,24.6,80.3,31.66,1009.5,4,3,1316,2373,24134,88753,383,Palay,Dagupan,March,2013
35.4,25.4,30.4,30.1,27,26.1,78,33.61,1009,5,2,1316,2373,24134,88753,383,Palay,Dagupan,April,2013
34.7,24.9,29.8,29.4,26.9,26.2,82,33.61,1006.5,6,3,1316,2373,24134,88753,383,Palay,Dagupan,May,2013
34.2,24.8,29.5,29.2,26.9,26.2,84,33.61,1006.5,7,2,1316,2373,24134,88753,383,Palay,Dagupan,June,2013
32.8,24.4,28.6,28.1,26.2,25.6,86,33.61,1007.7,7,2,1316,2373,24134,88753,383,Palay,Dagupan,July,2013
30.9,24.1,27.5,27.3,25.8,25.3,88,31.66,1007.3,7,2,1316,2373,24134,88753,383,Palay,Dagupan,August,2013
32.1,24.3,28.2,27.6,25.9,25.4,87.6,31.66,1006.7,5,3,1316,2373,24134,88753,383,Palay,Dagupan,September,2013
31.6,24.4,28,27.7,25.6,24.9,85,31.66,1008.4,5,2,1316,2373,24134,88753,383,Palay,Dagupan,October,2013
32.6,23.6,28.1,27.7,25.4,24.7,83,31.66,1010.3,5,3,1316,2373,24134,88753,383,Palay,Dagupan,November,2013
31.6,21.5,27.3,27.2,25,24.2,83,29.82,1010.5,5,3,1316,2373,24134,88753,383,Palay,Dagupan,December,2013
30.4,20.8,25.6,25.2,22,20.7,76,24.85,1012.9,1,2,875,419,6106,17442,230,Palay,Vigan,January,2013
31.4,22.1,26.8,26.5,23.6,22.6,78,28.07,1012.7,1,2,875,419,6106,17442,230,Palay,Vigan,February,2013
32,23.3,27.6,27.6,24.2,23,75,28.07,1012.3,0,2,875,419,6106,17442,230,Palay,Vigan,March,2013
32.8,24.4,28.6,28.8,25.3,24.2,75,29.82,1010.1,0,2,875,419,6106,17442,230,Palay,Vigan,April,2013
33,24.7,28.8,28.9,25.8,24.8,78,31.66,1009.8,4,2,875,419,6106,17442,230,Palay,Vigan,May,2013
32.8,24.7,28.8,28.7,25.8,24.9,79,31.66,1007.2,8,1,875,419,6106,17442,230,Palay,Vigan,June,2013
31.7,24.1,27.9,27.6,25.3,24.6,83,31.66,1008.5,13,1,875,419,6106,17442,230,Palay,Vigan,July,2013
30.4,23.8,27.1,27,25,24.3,85,29.82,1007.2,19,1,875,419,6106,17442,230,Palay,Vigan,August,2013
31,23.8,27.4,27.4,25.3,24.6,84,31.66,1007.4,6,1,875,419,6106,17442,230,Palay,Vigan,September,2013
30.9,22.3,22.6,26.5,23.7,23.3,88,28.07,1009.4,3,2,875,419,6106,17442,230,Palay,Vigan,October,2013
31.1,22.7,26.9,26.8,23.9,22.8,78,28.07,1011,2,1,875,419,6106,17442,230,Palay,Vigan,November,2013
29.9,21.7,25.8,25.5,22.8,21.8,79,26.42,1011,4,1,875,419,6106,17442,230,Palay,Vigan,December,2013
